"Document Type","Workflow State Field","Don't Override Status","Send Email Alert","Enable Action Confirmation","Workflow Data","ID (Document States)","Only Allow Edit For (Document States)","Doc Status (Document States)","Don't Override Status (Document States)","Evaluate as Expression (Document States)","Is Optional State (Document States)","Message (Document States)","Next Action Email Template (Document States)","Workflow Builder ID (Document States)","Update Field (Document States)","Update Value (Document States)","State (Document States)","Send Email On State (Document States)","ID (Transitions)","Action (Transitions)","Allow Self Approval (Transitions)","Allowed (Transitions)","Condition (Transitions)","Next State (Transitions)","Send Email To Creator (Transitions)","State (Transitions)","Transition Tasks (Transitions)"
"Remote Access Request","workflow_state",0,0,0,"","fth4lc5ko8","All","0",0,0,0,"","","","status","Черновик","Черновик",0,"fthsvoe961","Отправить на рассмотрение",1,"All","(frappe.session.user == 'Administrator') \
| (doc.owner == frappe.session.user) \
| (doc.employee == frappe.db.get_value('Employee', {'user_id': frappe.session.user}, ['name'])) \
| (doc.employee in frappe.db.get_list('Employee', filters={'parent_employee': frappe.db.get_value('Employee', {'user_id': frappe.session.user}, ['name'])}, fields=['name'], pluck='name'))","Согласование руководителя",0,"Черновик",""
"","","","","","","fthqj98t3t","All","0",0,0,0,"","","","status","На доработке","На доработке",0,"fthgrdlk6m","Отправить на рассмотрение",1,"All","(frappe.session.user == 'Administrator') \
| (doc.owner == frappe.session.user) \
| (doc.employee == frappe.db.get_value('Employee', {'user_id': frappe.session.user}, ['name'])) \
| (doc.employee in frappe.db.get_list('Employee', filters={'parent_employee': frappe.db.get_value('Employee', {'user_id': frappe.session.user}, ['name'])}, fields=['name'], pluck='name'))","Согласование руководителя",0,"На доработке",""
"","","","","","","fthdtcpp52","Administrator","0",0,0,0,"","","","status","Согласование руководителя","Согласование руководителя",0,"ftho2umcv3","Одобрено",1,"Head of subdivision","(frappe.session.user == 'Administrator') \
| (doc.name in frappe.db.get_list('ToDo', {'reference_type': doc.doctype, 'allocated_to': frappe.session.user}, ['reference_name'], pluck='reference_name'))","Согласование УИБ",0,"Согласование руководителя",""
"","","","","","","fth219uhlo","Administrator","0",0,0,0,"","","","status","Отклонено руководителем","Отклонено руководителем",0,"fthu2r9c2s","На доработку",1,"Head of subdivision","(frappe.session.user == 'Administrator') \
| (doc.name in frappe.db.get_list('ToDo', {'reference_type': doc.doctype, 'allocated_to': frappe.session.user}, ['reference_name'], pluck='reference_name'))","На доработке",0,"Согласование руководителя",""
"","","","","","","fth6rua1mt","Administrator","0",0,0,0,"","","","status","Согласование УИБ","Согласование УИБ",0,"fth02q35d3","Отклонено",1,"Head of subdivision","(frappe.session.user == 'Administrator') \
| (doc.name in frappe.db.get_list('ToDo', {'reference_type': doc.doctype, 'allocated_to': frappe.session.user}, ['reference_name'], pluck='reference_name'))","Отклонено руководителем",0,"Согласование руководителя",""
"","","","","","","fthud6jp49","Administrator","0",0,0,0,"","","","status","Отклонено УИБ","Отклонено УИБ",0,"fthrnit46g","Одобрено",1,"Officer of Information Security","","Исполнение заявки",0,"Согласование УИБ",""
"","","","","","","fthsst64lm","Administrator","0",0,0,0,"","","","status","Исполнение заявки","Исполнение заявки",0,"fthbmi3iql","На доработку",1,"Officer of Information Security","","На доработке",0,"Согласование УИБ",""
"","","","","","","fth0u681ce","Administrator","0",0,0,0,"","","","status","Отклонено техническим специалистом","Отклонено техническим специалистом",0,"fth1mbf6vm","Отклонено",1,"Officer of Information Security","","Отклонено УИБ",0,"Согласование УИБ",""
"","","","","","","fth3f7b3kq","Administrator","0",0,0,0,"","","","status","Доступы предоставлены","Доступы предоставлены",0,"fth0mevbin","Предоставить доступы",1,"Technical support","","Доступы предоставлены",0,"Исполнение заявки",""
"","","","","","","fthvqdt7a1","Administrator","0",0,0,0,"","","","status","Доступы отозваны","Доступы отозваны",0,"fthda2pr1g","На доработку",1,"Technical support","","На доработке",0,"Исполнение заявки",""
"","","","","","","","","","","","","","","","","","","","fthkecbtbs","Отклонено",1,"Technical support","","Отклонено техническим специалистом",0,"Исполнение заявки",""
"","","","","","","","","","","","","","","","","","","","fthtlojsia","Отозвать доступы",1,"Technical support","","Доступы отозваны",0,"Доступы предоставлены",""
